<?xml version="1.0" encoding="UTF-8"?>
<!DOCTYPE mapper PUBLIC "-//mybatis.org//DTD Mapper 3.0//EN" "http://mybatis.org/dtd/mybatis-3-mapper.dtd">

<mapper namespace="com.cl.dao.QiugoushangpinDao">

	<!-- 可根据自己的需求，是否要使用 -->
    <resultMap type="com.cl.entity.QiugoushangpinEntity" id="qiugoushangpinMap">
        <result property="shangpinmingcheng" column="shangpinmingcheng"/>
        <result property="shangpinleixing" column="shangpinleixing"/>
        <result property="shangpintupian" column="shangpintupian"/>
        <result property="shangpinjianjie" column="shangpinjianjie"/>
        <result property="shangpinxiangqing" column="shangpinxiangqing"/>
        <result property="yonghuzhanghao" column="yonghuzhanghao"/>
        <result property="yonghuxingming" column="yonghuxingming"/>
        <result property="price" column="price"/>
    </resultMap>

    <select id="selectListView"
		resultType="com.cl.entity.view.QiugoushangpinView" >

		SELECT  qiugoushangpin.* FROM qiugoushangpin  qiugoushangpin 	        
        <where> 1=1 ${ew.sqlSegment}</where>
	</select>
	
	<select id="selectView"
		resultType="com.cl.entity.view.QiugoushangpinView" >
		SELECT * FROM qiugoushangpin  qiugoushangpin <where> 1=1 ${ew.sqlSegment}</where>
	</select>
	

</mapper>
